SupplierID,SupplierName,ContactInfo,Country
7,Supplier_1,contact_1@example.com,Mexico
8,Supplier_2,contact_2@example.com,Germany
6,Supplier_3,contact_3@example.com,UK
1,Supplier_4,contact_4@example.com,Mexico
8,Supplier_5,contact_5@example.com,USA
3,Supplier_6,contact_6@example.com,Mexico
9,Supplier_7,contact_7@example.com,Germany
7,Supplier_8,contact_8@example.com,USA
10,Supplier_9,contact_9@example.com,Germany
8,Supplier_10,contact_10@example.com,UK
5,Supplier_11,contact_11@example.com,USA
8,Supplier_12,contact_12@example.com,Canada
6,Supplier_13,contact_13@example.com,UK
1,Supplier_14,contact_14@example.com,UK
8,Supplier_15,contact_15@example.com,Germany
2,Supplier_16,contact_16@example.com,Mexico
9,Supplier_17,contact_17@example.com,UK
3,Supplier_18,contact_18@example.com,UK
10,Supplier_19,contact_19@example.com,UK
6,Supplier_20,contact_20@example.com,Germany
9,Supplier_21,contact_21@example.com,USA
5,Supplier_22,contact_22@example.com,Germany
4,Supplier_23,contact_23@example.com,USA
10,Supplier_24,contact_24@example.com,Mexico
9,Supplier_25,contact_25@example.com,Germany
5,Supplier_26,contact_26@example.com,Mexico
2,Supplier_27,contact_27@example.com,Germany
6,Supplier_28,contact_28@example.com,Canada
8,Supplier_29,contact_29@example.com,Canada
10,Supplier_30,contact_30@example.com,Germany
7,Supplier_31,contact_31@example.com,Mexico
3,Supplier_32,contact_32@example.com,Germany
5,Supplier_33,contact_33@example.com,Canada
3,Supplier_34,contact_34@example.com,USA
7,Supplier_35,contact_35@example.com,Mexico
2,Supplier_36,contact_36@example.com,UK
1,Supplier_37,contact_37@example.com,Mexico
2,Supplier_38,contact_38@example.com,Mexico
2,Supplier_39,contact_39@example.com,Canada
7,Supplier_40,contact_40@example.com,USA
5,Supplier_41,contact_41@example.com,USA
3,Supplier_42,contact_42@example.com,Germany
5,Supplier_43,contact_43@example.com,Mexico
6,Supplier_44,contact_44@example.com,Canada
6,Supplier_45,contact_45@example.com,Canada
8,Supplier_46,contact_46@example.com,Mexico
7,Supplier_47,contact_47@example.com,Canada
2,Supplier_48,contact_48@example.com,Mexico
8,Supplier_49,contact_49@example.com,UK
8,Supplier_50,contact_50@example.com,Mexico
6,Supplier_51,contact_51@example.com,Canada
2,Supplier_52,contact_52@example.com,USA
5,Supplier_53,contact_53@example.com,Canada
8,Supplier_54,contact_54@example.com,UK
10,Supplier_55,contact_55@example.com,Mexico
9,Supplier_56,contact_56@example.com,Mexico
4,Supplier_57,contact_57@example.com,Canada
9,Supplier_58,contact_58@example.com,USA
1,Supplier_59,contact_59@example.com,UK
2,Supplier_60,contact_60@example.com,UK
1,Supplier_61,contact_61@example.com,USA
2,Supplier_62,contact_62@example.com,Canada
9,Supplier_63,contact_63@example.com,Germany
8,Supplier_64,contact_64@example.com,USA
2,Supplier_65,contact_65@example.com,Mexico
3,Supplier_66,contact_66@example.com,Canada
6,Supplier_67,contact_67@example.com,USA
4,Supplier_68,contact_68@example.com,Mexico
8,Supplier_69,contact_69@example.com,Germany
6,Supplier_70,contact_70@example.com,UK
10,Supplier_71,contact_71@example.com,Mexico
6,Supplier_72,contact_72@example.com,Mexico
5,Supplier_73,contact_73@example.com,Canada
8,Supplier_74,contact_74@example.com,Mexico
4,Supplier_75,contact_75@example.com,Canada
2,Supplier_76,contact_76@example.com,Canada
1,Supplier_77,contact_77@example.com,UK
8,Supplier_78,contact_78@example.com,Canada
3,Supplier_79,contact_79@example.com,Canada
4,Supplier_80,contact_80@example.com,UK
8,Supplier_81,contact_81@example.com,UK
7,Supplier_82,contact_82@example.com,Mexico
3,Supplier_83,contact_83@example.com,Mexico
8,Supplier_84,contact_84@example.com,Germany
6,Supplier_85,contact_85@example.com,UK
7,Supplier_86,contact_86@example.com,USA
6,Supplier_87,contact_87@example.com,Canada
2,Supplier_88,contact_88@example.com,Canada
5,Supplier_89,contact_89@example.com,Canada
5,Supplier_90,contact_90@example.com,Germany
6,Supplier_91,contact_91@example.com,USA
1,Supplier_92,contact_92@example.com,USA
2,Supplier_93,contact_93@example.com,Germany
7,Supplier_94,contact_94@example.com,Canada
7,Supplier_95,contact_95@example.com,USA
6,Supplier_96,contact_96@example.com,Canada
8,Supplier_97,contact_97@example.com,Canada
3,Supplier_98,contact_98@example.com,Mexico
9,Supplier_99,contact_99@example.com,Canada
9,Supplier_100,contact_100@example.com,Mexico
1,Supplier_101,contact_101@example.com,Germany
4,Supplier_102,contact_102@example.com,Mexico
9,Supplier_103,contact_103@example.com,USA
6,Supplier_104,contact_104@example.com,UK
7,Supplier_105,contact_105@example.com,Canada
5,Supplier_106,contact_106@example.com,Germany
1,Supplier_107,contact_107@example.com,UK
8,Supplier_108,contact_108@example.com,USA
3,Supplier_109,contact_109@example.com,Germany
8,Supplier_110,contact_110@example.com,UK
2,Supplier_111,contact_111@example.com,Germany
3,Supplier_112,contact_112@example.com,Canada
2,Supplier_113,contact_113@example.com,USA
7,Supplier_114,contact_114@example.com,Germany
7,Supplier_115,contact_115@example.com,USA
2,Supplier_116,contact_116@example.com,Canada
2,Supplier_117,contact_117@example.com,Mexico
10,Supplier_118,contact_118@example.com,Mexico
9,Supplier_119,contact_119@example.com,Germany
8,Supplier_120,contact_120@example.com,UK
10,Supplier_121,contact_121@example.com,Germany
6,Supplier_122,contact_122@example.com,Mexico
7,Supplier_123,contact_123@example.com,UK
10,Supplier_124,contact_124@example.com,Germany
4,Supplier_125,contact_125@example.com,Mexico
5,Supplier_126,contact_126@example.com,Germany
2,Supplier_127,contact_127@example.com,Canada
7,Supplier_128,contact_128@example.com,Germany
4,Supplier_129,contact_129@example.com,Canada
9,Supplier_130,contact_130@example.com,USA
2,Supplier_131,contact_131@example.com,UK
6,Supplier_132,contact_132@example.com,USA
9,Supplier_133,contact_133@example.com,USA
9,Supplier_134,contact_134@example.com,UK
5,Supplier_135,contact_135@example.com,Germany
8,Supplier_136,contact_136@example.com,USA
10,Supplier_137,contact_137@example.com,UK
10,Supplier_138,contact_138@example.com,Canada
5,Supplier_139,contact_139@example.com,Canada
1,Supplier_140,contact_140@example.com,Mexico
3,Supplier_141,contact_141@example.com,Canada
5,Supplier_142,contact_142@example.com,Germany
1,Supplier_143,contact_143@example.com,UK
5,Supplier_144,contact_144@example.com,Canada
5,Supplier_145,contact_145@example.com,Germany
9,Supplier_146,contact_146@example.com,Germany
2,Supplier_147,contact_147@example.com,USA
5,Supplier_148,contact_148@example.com,Germany
8,Supplier_149,contact_149@example.com,UK
9,Supplier_150,contact_150@example.com,USA
9,Supplier_151,contact_151@example.com,Germany
9,Supplier_152,contact_152@example.com,Germany
7,Supplier_153,contact_153@example.com,Canada
5,Supplier_154,contact_154@example.com,USA
6,Supplier_155,contact_155@example.com,Mexico
3,Supplier_156,contact_156@example.com,USA
10,Supplier_157,contact_157@example.com,Germany
8,Supplier_158,contact_158@example.com,Mexico
5,Supplier_159,contact_159@example.com,Mexico
2,Supplier_160,contact_160@example.com,Mexico
10,Supplier_161,contact_161@example.com,Canada
8,Supplier_162,contact_162@example.com,Germany
6,Supplier_163,contact_163@example.com,UK
9,Supplier_164,contact_164@example.com,Germany
1,Supplier_165,contact_165@example.com,Germany
5,Supplier_166,contact_166@example.com,Mexico
4,Supplier_167,contact_167@example.com,USA
5,Supplier_168,contact_168@example.com,UK
3,Supplier_169,contact_169@example.com,USA
8,Supplier_170,contact_170@example.com,UK
3,Supplier_171,contact_171@example.com,Mexico
2,Supplier_172,contact_172@example.com,Canada
1,Supplier_173,contact_173@example.com,Germany
7,Supplier_174,contact_174@example.com,Mexico
1,Supplier_175,contact_175@example.com,UK
9,Supplier_176,contact_176@example.com,Germany
7,Supplier_177,contact_177@example.com,Mexico
4,Supplier_178,contact_178@example.com,Mexico
4,Supplier_179,contact_179@example.com,Germany
10,Supplier_180,contact_180@example.com,Germany
10,Supplier_181,contact_181@example.com,Mexico
8,Supplier_182,contact_182@example.com,Germany
5,Supplier_183,contact_183@example.com,Mexico
2,Supplier_184,contact_184@example.com,Mexico
2,Supplier_185,contact_185@example.com,Germany
2,Supplier_186,contact_186@example.com,USA
1,Supplier_187,contact_187@example.com,UK
4,Supplier_188,contact_188@example.com,Mexico
8,Supplier_189,contact_189@example.com,Canada
7,Supplier_190,contact_190@example.com,UK
8,Supplier_191,contact_191@example.com,Canada
9,Supplier_192,contact_192@example.com,UK
4,Supplier_193,contact_193@example.com,Mexico
9,Supplier_194,contact_194@example.com,USA
8,Supplier_195,contact_195@example.com,USA
8,Supplier_196,contact_196@example.com,Mexico
1,Supplier_197,contact_197@example.com,Mexico
9,Supplier_198,contact_198@example.com,USA
10,Supplier_199,contact_199@example.com,Mexico
8,Supplier_200,contact_200@example.com,USA
9,Supplier_201,contact_201@example.com,Mexico
10,Supplier_202,contact_202@example.com,Mexico
1,Supplier_203,contact_203@example.com,Canada
1,Supplier_204,contact_204@example.com,USA
4,Supplier_205,contact_205@example.com,Canada
8,Supplier_206,contact_206@example.com,Mexico
3,Supplier_207,contact_207@example.com,Germany
8,Supplier_208,contact_208@example.com,Mexico
10,Supplier_209,contact_209@example.com,UK
10,Supplier_210,contact_210@example.com,Germany
8,Supplier_211,contact_211@example.com,Germany
8,Supplier_212,contact_212@example.com,Mexico
8,Supplier_213,contact_213@example.com,Mexico
7,Supplier_214,contact_214@example.com,UK
6,Supplier_215,contact_215@example.com,Germany
7,Supplier_216,contact_216@example.com,UK
3,Supplier_217,contact_217@example.com,USA
1,Supplier_218,contact_218@example.com,UK
7,Supplier_219,contact_219@example.com,USA
5,Supplier_220,contact_220@example.com,Mexico
6,Supplier_221,contact_221@example.com,Canada
2,Supplier_222,contact_222@example.com,UK
9,Supplier_223,contact_223@example.com,USA
9,Supplier_224,contact_224@example.com,Mexico
8,Supplier_225,contact_225@example.com,USA
9,Supplier_226,contact_226@example.com,Canada
6,Supplier_227,contact_227@example.com,Germany
10,Supplier_228,contact_228@example.com,Mexico
3,Supplier_229,contact_229@example.com,Mexico
8,Supplier_230,contact_230@example.com,USA
7,Supplier_231,contact_231@example.com,USA
3,Supplier_232,contact_232@example.com,Canada
10,Supplier_233,contact_233@example.com,USA
7,Supplier_234,contact_234@example.com,Germany
10,Supplier_235,contact_235@example.com,USA
3,Supplier_236,contact_236@example.com,Mexico
1,Supplier_237,contact_237@example.com,USA
9,Supplier_238,contact_238@example.com,Mexico
2,Supplier_239,contact_239@example.com,USA
7,Supplier_240,contact_240@example.com,Germany
7,Supplier_241,contact_241@example.com,UK
6,Supplier_242,contact_242@example.com,Germany
8,Supplier_243,contact_243@example.com,Mexico
10,Supplier_244,contact_244@example.com,Germany
6,Supplier_245,contact_245@example.com,USA
4,Supplier_246,contact_246@example.com,Germany
2,Supplier_247,contact_247@example.com,USA
10,Supplier_248,contact_248@example.com,USA
7,Supplier_249,contact_249@example.com,Canada
1,Supplier_250,contact_250@example.com,Germany
8,Supplier_251,contact_251@example.com,Mexico
2,Supplier_252,contact_252@example.com,USA
4,Supplier_253,contact_253@example.com,Germany
7,Supplier_254,contact_254@example.com,USA
1,Supplier_255,contact_255@example.com,UK
1,Supplier_256,contact_256@example.com,USA
4,Supplier_257,contact_257@example.com,UK
5,Supplier_258,contact_258@example.com,USA
10,Supplier_259,contact_259@example.com,Mexico
3,Supplier_260,contact_260@example.com,Germany
7,Supplier_261,contact_261@example.com,USA
9,Supplier_262,contact_262@example.com,Canada
8,Supplier_263,contact_263@example.com,Mexico
8,Supplier_264,contact_264@example.com,Mexico
4,Supplier_265,contact_265@example.com,USA
9,Supplier_266,contact_266@example.com,USA
4,Supplier_267,contact_267@example.com,Mexico
2,Supplier_268,contact_268@example.com,UK
3,Supplier_269,contact_269@example.com,UK
3,Supplier_270,contact_270@example.com,Mexico
1,Supplier_271,contact_271@example.com,Germany
2,Supplier_272,contact_272@example.com,Mexico
4,Supplier_273,contact_273@example.com,Mexico
2,Supplier_274,contact_274@example.com,UK
9,Supplier_275,contact_275@example.com,Germany
5,Supplier_276,contact_276@example.com,USA
6,Supplier_277,contact_277@example.com,Mexico
8,Supplier_278,contact_278@example.com,Mexico
2,Supplier_279,contact_279@example.com,Germany
2,Supplier_280,contact_280@example.com,Mexico
8,Supplier_281,contact_281@example.com,UK
1,Supplier_282,contact_282@example.com,Germany
5,Supplier_283,contact_283@example.com,Canada
1,Supplier_284,contact_284@example.com,Germany
7,Supplier_285,contact_285@example.com,USA
7,Supplier_286,contact_286@example.com,Mexico
5,Supplier_287,contact_287@example.com,Mexico
7,Supplier_288,contact_288@example.com,Germany
2,Supplier_289,contact_289@example.com,USA
8,Supplier_290,contact_290@example.com,UK
9,Supplier_291,contact_291@example.com,USA
10,Supplier_292,contact_292@example.com,UK
3,Supplier_293,contact_293@example.com,UK
3,Supplier_294,contact_294@example.com,USA
10,Supplier_295,contact_295@example.com,USA
9,Supplier_296,contact_296@example.com,Mexico
7,Supplier_297,contact_297@example.com,Germany
7,Supplier_298,contact_298@example.com,UK
8,Supplier_299,contact_299@example.com,Mexico
6,Supplier_300,contact_300@example.com,Germany
6,Supplier_301,contact_301@example.com,USA
4,Supplier_302,contact_302@example.com,Canada
6,Supplier_303,contact_303@example.com,Mexico
7,Supplier_304,contact_304@example.com,Mexico
2,Supplier_305,contact_305@example.com,UK
1,Supplier_306,contact_306@example.com,UK
7,Supplier_307,contact_307@example.com,Germany
2,Supplier_308,contact_308@example.com,USA
2,Supplier_309,contact_309@example.com,Germany
5,Supplier_310,contact_310@example.com,USA
1,Supplier_311,contact_311@example.com,Mexico
8,Supplier_312,contact_312@example.com,Mexico
3,Supplier_313,contact_313@example.com,Germany
10,Supplier_314,contact_314@example.com,Mexico
7,Supplier_315,contact_315@example.com,Mexico
2,Supplier_316,contact_316@example.com,USA
5,Supplier_317,contact_317@example.com,Mexico
7,Supplier_318,contact_318@example.com,USA
8,Supplier_319,contact_319@example.com,USA
4,Supplier_320,contact_320@example.com,USA
6,Supplier_321,contact_321@example.com,USA
1,Supplier_322,contact_322@example.com,UK
5,Supplier_323,contact_323@example.com,Mexico
8,Supplier_324,contact_324@example.com,Canada
9,Supplier_325,contact_325@example.com,UK
10,Supplier_326,contact_326@example.com,USA
3,Supplier_327,contact_327@example.com,UK
7,Supplier_328,contact_328@example.com,UK
9,Supplier_329,contact_329@example.com,USA
10,Supplier_330,contact_330@example.com,USA
10,Supplier_331,contact_331@example.com,Germany
10,Supplier_332,contact_332@example.com,Germany
4,Supplier_333,contact_333@example.com,Canada
3,Supplier_334,contact_334@example.com,Canada
7,Supplier_335,contact_335@example.com,UK
7,Supplier_336,contact_336@example.com,Germany
4,Supplier_337,contact_337@example.com,UK
7,Supplier_338,contact_338@example.com,Germany
3,Supplier_339,contact_339@example.com,UK
10,Supplier_340,contact_340@example.com,Germany
1,Supplier_341,contact_341@example.com,Canada
7,Supplier_342,contact_342@example.com,Canada
8,Supplier_343,contact_343@example.com,Germany
8,Supplier_344,contact_344@example.com,Germany
2,Supplier_345,contact_345@example.com,Germany
6,Supplier_346,contact_346@example.com,UK
10,Supplier_347,contact_347@example.com,USA
9,Supplier_348,contact_348@example.com,Canada
4,Supplier_349,contact_349@example.com,Canada
7,Supplier_350,contact_350@example.com,Mexico
3,Supplier_351,contact_351@example.com,UK
8,Supplier_352,contact_352@example.com,Germany
4,Supplier_353,contact_353@example.com,USA
4,Supplier_354,contact_354@example.com,Mexico
9,Supplier_355,contact_355@example.com,Canada
2,Supplier_356,contact_356@example.com,UK
9,Supplier_357,contact_357@example.com,USA
5,Supplier_358,contact_358@example.com,USA
8,Supplier_359,contact_359@example.com,Germany
3,Supplier_360,contact_360@example.com,USA
3,Supplier_361,contact_361@example.com,USA
8,Supplier_362,contact_362@example.com,Germany
3,Supplier_363,contact_363@example.com,UK
10,Supplier_364,contact_364@example.com,Canada
9,Supplier_365,contact_365@example.com,Mexico
10,Supplier_366,contact_366@example.com,USA
5,Supplier_367,contact_367@example.com,Mexico
8,Supplier_368,contact_368@example.com,Mexico
5,Supplier_369,contact_369@example.com,UK
4,Supplier_370,contact_370@example.com,Canada
1,Supplier_371,contact_371@example.com,USA
1,Supplier_372,contact_372@example.com,USA
10,Supplier_373,contact_373@example.com,USA
7,Supplier_374,contact_374@example.com,Germany
2,Supplier_375,contact_375@example.com,USA
8,Supplier_376,contact_376@example.com,Mexico
5,Supplier_377,contact_377@example.com,UK
5,Supplier_378,contact_378@example.com,Mexico
1,Supplier_379,contact_379@example.com,Canada
4,Supplier_380,contact_380@example.com,Mexico
10,Supplier_381,contact_381@example.com,Canada
10,Supplier_382,contact_382@example.com,Mexico
10,Supplier_383,contact_383@example.com,USA
7,Supplier_384,contact_384@example.com,Canada
4,Supplier_385,contact_385@example.com,Germany
9,Supplier_386,contact_386@example.com,Canada
7,Supplier_387,contact_387@example.com,UK
1,Supplier_388,contact_388@example.com,Mexico
3,Supplier_389,contact_389@example.com,Mexico
2,Supplier_390,contact_390@example.com,USA
2,Supplier_391,contact_391@example.com,USA
5,Supplier_392,contact_392@example.com,Mexico
1,Supplier_393,contact_393@example.com,Germany
7,Supplier_394,contact_394@example.com,USA
5,Supplier_395,contact_395@example.com,USA
2,Supplier_396,contact_396@example.com,Germany
8,Supplier_397,contact_397@example.com,USA
3,Supplier_398,contact_398@example.com,Germany
4,Supplier_399,contact_399@example.com,Mexico
2,Supplier_400,contact_400@example.com,Germany
6,Supplier_401,contact_401@example.com,Mexico
5,Supplier_402,contact_402@example.com,Germany
6,Supplier_403,contact_403@example.com,Germany
2,Supplier_404,contact_404@example.com,UK
2,Supplier_405,contact_405@example.com,Mexico
9,Supplier_406,contact_406@example.com,USA
9,Supplier_407,contact_407@example.com,Mexico
10,Supplier_408,contact_408@example.com,Mexico
4,Supplier_409,contact_409@example.com,Mexico
10,Supplier_410,contact_410@example.com,USA
1,Supplier_411,contact_411@example.com,UK
7,Supplier_412,contact_412@example.com,Mexico
8,Supplier_413,contact_413@example.com,USA
7,Supplier_414,contact_414@example.com,Canada
6,Supplier_415,contact_415@example.com,USA
8,Supplier_416,contact_416@example.com,Mexico
1,Supplier_417,contact_417@example.com,Germany
9,Supplier_418,contact_418@example.com,Mexico
8,Supplier_419,contact_419@example.com,USA
9,Supplier_420,contact_420@example.com,USA
1,Supplier_421,contact_421@example.com,USA
9,Supplier_422,contact_422@example.com,Germany
2,Supplier_423,contact_423@example.com,Mexico
10,Supplier_424,contact_424@example.com,Mexico
3,Supplier_425,contact_425@example.com,Mexico
2,Supplier_426,contact_426@example.com,Mexico
4,Supplier_427,contact_427@example.com,USA
7,Supplier_428,contact_428@example.com,Canada
9,Supplier_429,contact_429@example.com,Mexico
10,Supplier_430,contact_430@example.com,Germany
6,Supplier_431,contact_431@example.com,USA
3,Supplier_432,contact_432@example.com,Germany
9,Supplier_433,contact_433@example.com,Canada
2,Supplier_434,contact_434@example.com,Germany
7,Supplier_435,contact_435@example.com,Germany
9,Supplier_436,contact_436@example.com,USA
8,Supplier_437,contact_437@example.com,Germany
9,Supplier_438,contact_438@example.com,Mexico
4,Supplier_439,contact_439@example.com,UK
2,Supplier_440,contact_440@example.com,USA
8,Supplier_441,contact_441@example.com,Germany
6,Supplier_442,contact_442@example.com,Mexico
2,Supplier_443,contact_443@example.com,Mexico
9,Supplier_444,contact_444@example.com,Canada
1,Supplier_445,contact_445@example.com,USA
3,Supplier_446,contact_446@example.com,Germany
5,Supplier_447,contact_447@example.com,Germany
7,Supplier_448,contact_448@example.com,UK
5,Supplier_449,contact_449@example.com,UK
7,Supplier_450,contact_450@example.com,UK
1,Supplier_451,contact_451@example.com,UK
9,Supplier_452,contact_452@example.com,UK
9,Supplier_453,contact_453@example.com,Mexico
8,Supplier_454,contact_454@example.com,UK
4,Supplier_455,contact_455@example.com,Germany
3,Supplier_456,contact_456@example.com,USA
10,Supplier_457,contact_457@example.com,Canada
2,Supplier_458,contact_458@example.com,Germany
2,Supplier_459,contact_459@example.com,Canada
5,Supplier_460,contact_460@example.com,Canada
8,Supplier_461,contact_461@example.com,UK
4,Supplier_462,contact_462@example.com,Canada
3,Supplier_463,contact_463@example.com,USA
8,Supplier_464,contact_464@example.com,USA
2,Supplier_465,contact_465@example.com,UK
8,Supplier_466,contact_466@example.com,Canada
8,Supplier_467,contact_467@example.com,Germany
5,Supplier_468,contact_468@example.com,UK
6,Supplier_469,contact_469@example.com,USA
4,Supplier_470,contact_470@example.com,Mexico
2,Supplier_471,contact_471@example.com,Mexico
6,Supplier_472,contact_472@example.com,USA
5,Supplier_473,contact_473@example.com,UK
10,Supplier_474,contact_474@example.com,Canada
3,Supplier_475,contact_475@example.com,Mexico
6,Supplier_476,contact_476@example.com,UK
1,Supplier_477,contact_477@example.com,Germany
9,Supplier_478,contact_478@example.com,UK
5,Supplier_479,contact_479@example.com,Mexico
4,Supplier_480,contact_480@example.com,USA
8,Supplier_481,contact_481@example.com,Mexico
6,Supplier_482,contact_482@example.com,USA
7,Supplier_483,contact_483@example.com,USA
9,Supplier_484,contact_484@example.com,Canada
10,Supplier_485,contact_485@example.com,Canada
2,Supplier_486,contact_486@example.com,Mexico
3,Supplier_487,contact_487@example.com,Canada
10,Supplier_488,contact_488@example.com,Mexico
5,Supplier_489,contact_489@example.com,USA
2,Supplier_490,contact_490@example.com,UK
4,Supplier_491,contact_491@example.com,Mexico
4,Supplier_492,contact_492@example.com,UK
9,Supplier_493,contact_493@example.com,Germany
7,Supplier_494,contact_494@example.com,Mexico
1,Supplier_495,contact_495@example.com,Germany
8,Supplier_496,contact_496@example.com,Germany
6,Supplier_497,contact_497@example.com,Germany
9,Supplier_498,contact_498@example.com,USA
9,Supplier_499,contact_499@example.com,UK
6,Supplier_500,contact_500@example.com,USA
5,Supplier_501,contact_501@example.com,USA
2,Supplier_502,contact_502@example.com,UK
5,Supplier_503,contact_503@example.com,Germany
7,Supplier_504,contact_504@example.com,Canada
4,Supplier_505,contact_505@example.com,Germany
2,Supplier_506,contact_506@example.com,Mexico
2,Supplier_507,contact_507@example.com,Canada
10,Supplier_508,contact_508@example.com,USA
3,Supplier_509,contact_509@example.com,USA
5,Supplier_510,contact_510@example.com,UK
3,Supplier_511,contact_511@example.com,Canada
6,Supplier_512,contact_512@example.com,Mexico
10,Supplier_513,contact_513@example.com,Germany
5,Supplier_514,contact_514@example.com,Germany
10,Supplier_515,contact_515@example.com,Canada
10,Supplier_516,contact_516@example.com,Canada
6,Supplier_517,contact_517@example.com,UK
6,Supplier_518,contact_518@example.com,USA
2,Supplier_519,contact_519@example.com,Germany
10,Supplier_520,contact_520@example.com,Mexico
10,Supplier_521,contact_521@example.com,USA
2,Supplier_522,contact_522@example.com,UK
8,Supplier_523,contact_523@example.com,UK
6,Supplier_524,contact_524@example.com,USA
7,Supplier_525,contact_525@example.com,Germany
10,Supplier_526,contact_526@example.com,Canada
9,Supplier_527,contact_527@example.com,Germany
8,Supplier_528,contact_528@example.com,UK
5,Supplier_529,contact_529@example.com,UK
7,Supplier_530,contact_530@example.com,UK
3,Supplier_531,contact_531@example.com,Germany
3,Supplier_532,contact_532@example.com,Canada
8,Supplier_533,contact_533@example.com,Canada
6,Supplier_534,contact_534@example.com,Canada
6,Supplier_535,contact_535@example.com,USA
9,Supplier_536,contact_536@example.com,Germany
6,Supplier_537,contact_537@example.com,Germany
8,Supplier_538,contact_538@example.com,Canada
4,Supplier_539,contact_539@example.com,Mexico
8,Supplier_540,contact_540@example.com,UK
6,Supplier_541,contact_541@example.com,Mexico
7,Supplier_542,contact_542@example.com,Mexico
2,Supplier_543,contact_543@example.com,Germany
9,Supplier_544,contact_544@example.com,Canada
9,Supplier_545,contact_545@example.com,Canada
3,Supplier_546,contact_546@example.com,Germany
6,Supplier_547,contact_547@example.com,UK
3,Supplier_548,contact_548@example.com,USA
6,Supplier_549,contact_549@example.com,USA
9,Supplier_550,contact_550@example.com,USA
6,Supplier_551,contact_551@example.com,Canada
5,Supplier_552,contact_552@example.com,USA
5,Supplier_553,contact_553@example.com,Canada
10,Supplier_554,contact_554@example.com,Mexico
2,Supplier_555,contact_555@example.com,Germany
8,Supplier_556,contact_556@example.com,USA
7,Supplier_557,contact_557@example.com,Germany
3,Supplier_558,contact_558@example.com,Germany
8,Supplier_559,contact_559@example.com,Germany
6,Supplier_560,contact_560@example.com,Mexico
10,Supplier_561,contact_561@example.com,USA
9,Supplier_562,contact_562@example.com,Germany
8,Supplier_563,contact_563@example.com,Germany
2,Supplier_564,contact_564@example.com,Mexico
2,Supplier_565,contact_565@example.com,Germany
9,Supplier_566,contact_566@example.com,Mexico
6,Supplier_567,contact_567@example.com,UK
2,Supplier_568,contact_568@example.com,Canada
1,Supplier_569,contact_569@example.com,UK
7,Supplier_570,contact_570@example.com,Mexico
10,Supplier_571,contact_571@example.com,USA
9,Supplier_572,contact_572@example.com,UK
9,Supplier_573,contact_573@example.com,Mexico
7,Supplier_574,contact_574@example.com,Germany
7,Supplier_575,contact_575@example.com,Mexico
10,Supplier_576,contact_576@example.com,USA
6,Supplier_577,contact_577@example.com,USA
3,Supplier_578,contact_578@example.com,UK
8,Supplier_579,contact_579@example.com,UK
6,Supplier_580,contact_580@example.com,Canada
8,Supplier_581,contact_581@example.com,USA
1,Supplier_582,contact_582@example.com,USA
4,Supplier_583,contact_583@example.com,Canada
8,Supplier_584,contact_584@example.com,UK
10,Supplier_585,contact_585@example.com,Germany
3,Supplier_586,contact_586@example.com,USA
9,Supplier_587,contact_587@example.com,Canada
4,Supplier_588,contact_588@example.com,UK
3,Supplier_589,contact_589@example.com,USA
4,Supplier_590,contact_590@example.com,Canada
8,Supplier_591,contact_591@example.com,UK
8,Supplier_592,contact_592@example.com,UK
7,Supplier_593,contact_593@example.com,Canada
6,Supplier_594,contact_594@example.com,USA
8,Supplier_595,contact_595@example.com,Mexico
6,Supplier_596,contact_596@example.com,Mexico
8,Supplier_597,contact_597@example.com,Mexico
2,Supplier_598,contact_598@example.com,Mexico
9,Supplier_599,contact_599@example.com,USA
1,Supplier_600,contact_600@example.com,USA
7,Supplier_601,contact_601@example.com,UK
1,Supplier_602,contact_602@example.com,USA
4,Supplier_603,contact_603@example.com,Mexico
2,Supplier_604,contact_604@example.com,Germany
6,Supplier_605,contact_605@example.com,Germany
3,Supplier_606,contact_606@example.com,Canada
5,Supplier_607,contact_607@example.com,UK
2,Supplier_608,contact_608@example.com,USA
5,Supplier_609,contact_609@example.com,Germany
8,Supplier_610,contact_610@example.com,Mexico
10,Supplier_611,contact_611@example.com,Germany
9,Supplier_612,contact_612@example.com,Mexico
2,Supplier_613,contact_613@example.com,Mexico
3,Supplier_614,contact_614@example.com,UK
10,Supplier_615,contact_615@example.com,USA
6,Supplier_616,contact_616@example.com,Canada
3,Supplier_617,contact_617@example.com,Canada
8,Supplier_618,contact_618@example.com,USA
8,Supplier_619,contact_619@example.com,Germany
8,Supplier_620,contact_620@example.com,Mexico
8,Supplier_621,contact_621@example.com,USA
7,Supplier_622,contact_622@example.com,Canada
3,Supplier_623,contact_623@example.com,USA
6,Supplier_624,contact_624@example.com,USA
3,Supplier_625,contact_625@example.com,Germany
4,Supplier_626,contact_626@example.com,USA
6,Supplier_627,contact_627@example.com,Germany
1,Supplier_628,contact_628@example.com,USA
4,Supplier_629,contact_629@example.com,Germany
6,Supplier_630,contact_630@example.com,Germany
2,Supplier_631,contact_631@example.com,Mexico
7,Supplier_632,contact_632@example.com,Germany
6,Supplier_633,contact_633@example.com,Mexico
1,Supplier_634,contact_634@example.com,Germany
3,Supplier_635,contact_635@example.com,USA
9,Supplier_636,contact_636@example.com,Mexico
7,Supplier_637,contact_637@example.com,UK
5,Supplier_638,contact_638@example.com,USA
9,Supplier_639,contact_639@example.com,Canada
4,Supplier_640,contact_640@example.com,Germany
9,Supplier_641,contact_641@example.com,Canada
10,Supplier_642,contact_642@example.com,USA
6,Supplier_643,contact_643@example.com,Canada
6,Supplier_644,contact_644@example.com,UK
4,Supplier_645,contact_645@example.com,UK
2,Supplier_646,contact_646@example.com,Canada
9,Supplier_647,contact_647@example.com,Mexico
1,Supplier_648,contact_648@example.com,USA
8,Supplier_649,contact_649@example.com,Germany
2,Supplier_650,contact_650@example.com,Canada
5,Supplier_651,contact_651@example.com,UK
1,Supplier_652,contact_652@example.com,Mexico
2,Supplier_653,contact_653@example.com,UK
4,Supplier_654,contact_654@example.com,Mexico
3,Supplier_655,contact_655@example.com,Germany
10,Supplier_656,contact_656@example.com,UK
6,Supplier_657,contact_657@example.com,Canada
6,Supplier_658,contact_658@example.com,Germany
4,Supplier_659,contact_659@example.com,Mexico
1,Supplier_660,contact_660@example.com,Canada
2,Supplier_661,contact_661@example.com,Germany
10,Supplier_662,contact_662@example.com,USA
3,Supplier_663,contact_663@example.com,USA
3,Supplier_664,contact_664@example.com,UK
6,Supplier_665,contact_665@example.com,UK
8,Supplier_666,contact_666@example.com,Germany
1,Supplier_667,contact_667@example.com,USA
1,Supplier_668,contact_668@example.com,Mexico
8,Supplier_669,contact_669@example.com,Germany
2,Supplier_670,contact_670@example.com,Mexico
2,Supplier_671,contact_671@example.com,Mexico
9,Supplier_672,contact_672@example.com,Canada
10,Supplier_673,contact_673@example.com,Canada
6,Supplier_674,contact_674@example.com,UK
8,Supplier_675,contact_675@example.com,Germany
9,Supplier_676,contact_676@example.com,UK
9,Supplier_677,contact_677@example.com,UK
6,Supplier_678,contact_678@example.com,UK
5,Supplier_679,contact_679@example.com,Germany
1,Supplier_680,contact_680@example.com,Canada
2,Supplier_681,contact_681@example.com,Germany
7,Supplier_682,contact_682@example.com,Canada
9,Supplier_683,contact_683@example.com,Canada
4,Supplier_684,contact_684@example.com,Mexico
10,Supplier_685,contact_685@example.com,USA
9,Supplier_686,contact_686@example.com,USA
1,Supplier_687,contact_687@example.com,Mexico
1,Supplier_688,contact_688@example.com,UK
8,Supplier_689,contact_689@example.com,UK
8,Supplier_690,contact_690@example.com,Mexico
7,Supplier_691,contact_691@example.com,USA
10,Supplier_692,contact_692@example.com,USA
8,Supplier_693,contact_693@example.com,Canada
8,Supplier_694,contact_694@example.com,Canada
5,Supplier_695,contact_695@example.com,Canada
6,Supplier_696,contact_696@example.com,Germany
1,Supplier_697,contact_697@example.com,Mexico
10,Supplier_698,contact_698@example.com,UK
1,Supplier_699,contact_699@example.com,Germany
9,Supplier_700,contact_700@example.com,Mexico
9,Supplier_701,contact_701@example.com,Mexico
5,Supplier_702,contact_702@example.com,Germany
4,Supplier_703,contact_703@example.com,UK
2,Supplier_704,contact_704@example.com,UK
4,Supplier_705,contact_705@example.com,USA
9,Supplier_706,contact_706@example.com,USA
1,Supplier_707,contact_707@example.com,UK
5,Supplier_708,contact_708@example.com,Canada
7,Supplier_709,contact_709@example.com,UK
5,Supplier_710,contact_710@example.com,Mexico
1,Supplier_711,contact_711@example.com,Canada
4,Supplier_712,contact_712@example.com,Germany
8,Supplier_713,contact_713@example.com,Germany
10,Supplier_714,contact_714@example.com,Canada
9,Supplier_715,contact_715@example.com,USA
7,Supplier_716,contact_716@example.com,Germany
1,Supplier_717,contact_717@example.com,UK
3,Supplier_718,contact_718@example.com,USA
6,Supplier_719,contact_719@example.com,Germany
9,Supplier_720,contact_720@example.com,Canada
3,Supplier_721,contact_721@example.com,Mexico
1,Supplier_722,contact_722@example.com,UK
5,Supplier_723,contact_723@example.com,USA
5,Supplier_724,contact_724@example.com,USA
3,Supplier_725,contact_725@example.com,UK
8,Supplier_726,contact_726@example.com,UK
1,Supplier_727,contact_727@example.com,UK
7,Supplier_728,contact_728@example.com,Mexico
6,Supplier_729,contact_729@example.com,UK
4,Supplier_730,contact_730@example.com,UK
9,Supplier_731,contact_731@example.com,UK
2,Supplier_732,contact_732@example.com,Mexico
5,Supplier_733,contact_733@example.com,Canada
8,Supplier_734,contact_734@example.com,UK
1,Supplier_735,contact_735@example.com,UK
5,Supplier_736,contact_736@example.com,Canada
2,Supplier_737,contact_737@example.com,Mexico
5,Supplier_738,contact_738@example.com,USA
2,Supplier_739,contact_739@example.com,Mexico
10,Supplier_740,contact_740@example.com,USA
2,Supplier_741,contact_741@example.com,Germany
6,Supplier_742,contact_742@example.com,Canada
5,Supplier_743,contact_743@example.com,Canada
10,Supplier_744,contact_744@example.com,USA
5,Supplier_745,contact_745@example.com,Mexico
9,Supplier_746,contact_746@example.com,USA
5,Supplier_747,contact_747@example.com,UK
5,Supplier_748,contact_748@example.com,Canada
10,Supplier_749,contact_749@example.com,UK
1,Supplier_750,contact_750@example.com,UK
8,Supplier_751,contact_751@example.com,Mexico
8,Supplier_752,contact_752@example.com,Germany
3,Supplier_753,contact_753@example.com,UK
8,Supplier_754,contact_754@example.com,Mexico
10,Supplier_755,contact_755@example.com,USA
1,Supplier_756,contact_756@example.com,Mexico
7,Supplier_757,contact_757@example.com,Germany
10,Supplier_758,contact_758@example.com,UK
8,Supplier_759,contact_759@example.com,UK
7,Supplier_760,contact_760@example.com,Mexico
1,Supplier_761,contact_761@example.com,UK
8,Supplier_762,contact_762@example.com,Germany
1,Supplier_763,contact_763@example.com,Canada
10,Supplier_764,contact_764@example.com,Canada
6,Supplier_765,contact_765@example.com,UK
10,Supplier_766,contact_766@example.com,Mexico
1,Supplier_767,contact_767@example.com,USA
2,Supplier_768,contact_768@example.com,Mexico
5,Supplier_769,contact_769@example.com,UK
3,Supplier_770,contact_770@example.com,Canada
2,Supplier_771,contact_771@example.com,USA
4,Supplier_772,contact_772@example.com,Canada
5,Supplier_773,contact_773@example.com,USA
3,Supplier_774,contact_774@example.com,Mexico
7,Supplier_775,contact_775@example.com,Germany
4,Supplier_776,contact_776@example.com,UK
6,Supplier_777,contact_777@example.com,Canada
1,Supplier_778,contact_778@example.com,Mexico
1,Supplier_779,contact_779@example.com,Germany
9,Supplier_780,contact_780@example.com,Mexico
8,Supplier_781,contact_781@example.com,USA
7,Supplier_782,contact_782@example.com,Germany
3,Supplier_783,contact_783@example.com,UK
5,Supplier_784,contact_784@example.com,USA
5,Supplier_785,contact_785@example.com,UK
1,Supplier_786,contact_786@example.com,Canada
4,Supplier_787,contact_787@example.com,Mexico
3,Supplier_788,contact_788@example.com,Germany
10,Supplier_789,contact_789@example.com,UK
6,Supplier_790,contact_790@example.com,UK
5,Supplier_791,contact_791@example.com,UK
1,Supplier_792,contact_792@example.com,Mexico
7,Supplier_793,contact_793@example.com,Mexico
1,Supplier_794,contact_794@example.com,USA
6,Supplier_795,contact_795@example.com,USA
9,Supplier_796,contact_796@example.com,UK
4,Supplier_797,contact_797@example.com,USA
3,Supplier_798,contact_798@example.com,UK
6,Supplier_799,contact_799@example.com,Mexico
6,Supplier_800,contact_800@example.com,UK
7,Supplier_801,contact_801@example.com,Mexico
10,Supplier_802,contact_802@example.com,UK
7,Supplier_803,contact_803@example.com,Germany
10,Supplier_804,contact_804@example.com,UK
6,Supplier_805,contact_805@example.com,USA
9,Supplier_806,contact_806@example.com,Mexico
5,Supplier_807,contact_807@example.com,Germany
5,Supplier_808,contact_808@example.com,UK
6,Supplier_809,contact_809@example.com,Canada
2,Supplier_810,contact_810@example.com,USA
6,Supplier_811,contact_811@example.com,UK
5,Supplier_812,contact_812@example.com,USA
5,Supplier_813,contact_813@example.com,Germany
10,Supplier_814,contact_814@example.com,USA
4,Supplier_815,contact_815@example.com,Canada
2,Supplier_816,contact_816@example.com,Canada
4,Supplier_817,contact_817@example.com,Mexico
1,Supplier_818,contact_818@example.com,USA
3,Supplier_819,contact_819@example.com,Canada
5,Supplier_820,contact_820@example.com,Germany
2,Supplier_821,contact_821@example.com,UK
7,Supplier_822,contact_822@example.com,Mexico
4,Supplier_823,contact_823@example.com,Canada
7,Supplier_824,contact_824@example.com,Canada
7,Supplier_825,contact_825@example.com,Germany
6,Supplier_826,contact_826@example.com,Mexico
1,Supplier_827,contact_827@example.com,Mexico
2,Supplier_828,contact_828@example.com,Mexico
5,Supplier_829,contact_829@example.com,Mexico
3,Supplier_830,contact_830@example.com,Germany
2,Supplier_831,contact_831@example.com,USA
8,Supplier_832,contact_832@example.com,Mexico
3,Supplier_833,contact_833@example.com,UK
7,Supplier_834,contact_834@example.com,UK
3,Supplier_835,contact_835@example.com,USA
5,Supplier_836,contact_836@example.com,USA
1,Supplier_837,contact_837@example.com,Germany
3,Supplier_838,contact_838@example.com,Germany
7,Supplier_839,contact_839@example.com,Mexico
8,Supplier_840,contact_840@example.com,USA
8,Supplier_841,contact_841@example.com,Germany
2,Supplier_842,contact_842@example.com,USA
2,Supplier_843,contact_843@example.com,Canada
4,Supplier_844,contact_844@example.com,UK
9,Supplier_845,contact_845@example.com,Canada
3,Supplier_846,contact_846@example.com,Mexico
2,Supplier_847,contact_847@example.com,Germany
10,Supplier_848,contact_848@example.com,Mexico
2,Supplier_849,contact_849@example.com,USA
4,Supplier_850,contact_850@example.com,Canada
3,Supplier_851,contact_851@example.com,USA
2,Supplier_852,contact_852@example.com,USA
5,Supplier_853,contact_853@example.com,UK
2,Supplier_854,contact_854@example.com,Canada
1,Supplier_855,contact_855@example.com,UK
2,Supplier_856,contact_856@example.com,Mexico
6,Supplier_857,contact_857@example.com,Mexico
10,Supplier_858,contact_858@example.com,UK
5,Supplier_859,contact_859@example.com,UK
4,Supplier_860,contact_860@example.com,UK
10,Supplier_861,contact_861@example.com,USA
9,Supplier_862,contact_862@example.com,USA
7,Supplier_863,contact_863@example.com,Germany
8,Supplier_864,contact_864@example.com,Germany
8,Supplier_865,contact_865@example.com,Mexico
8,Supplier_866,contact_866@example.com,UK
9,Supplier_867,contact_867@example.com,UK
8,Supplier_868,contact_868@example.com,USA
2,Supplier_869,contact_869@example.com,UK
3,Supplier_870,contact_870@example.com,Germany
6,Supplier_871,contact_871@example.com,Mexico
6,Supplier_872,contact_872@example.com,Germany
9,Supplier_873,contact_873@example.com,UK
5,Supplier_874,contact_874@example.com,Canada
4,Supplier_875,contact_875@example.com,Mexico
8,Supplier_876,contact_876@example.com,Mexico
1,Supplier_877,contact_877@example.com,USA
1,Supplier_878,contact_878@example.com,USA
10,Supplier_879,contact_879@example.com,Mexico
6,Supplier_880,contact_880@example.com,UK
3,Supplier_881,contact_881@example.com,UK
9,Supplier_882,contact_882@example.com,Mexico
3,Supplier_883,contact_883@example.com,USA
4,Supplier_884,contact_884@example.com,Mexico
7,Supplier_885,contact_885@example.com,Canada
5,Supplier_886,contact_886@example.com,Germany
10,Supplier_887,contact_887@example.com,Canada
8,Supplier_888,contact_888@example.com,UK
7,Supplier_889,contact_889@example.com,Canada
9,Supplier_890,contact_890@example.com,Canada
9,Supplier_891,contact_891@example.com,UK
6,Supplier_892,contact_892@example.com,USA
4,Supplier_893,contact_893@example.com,USA
9,Supplier_894,contact_894@example.com,Mexico
5,Supplier_895,contact_895@example.com,Canada
1,Supplier_896,contact_896@example.com,Canada
7,Supplier_897,contact_897@example.com,USA
1,Supplier_898,contact_898@example.com,Mexico
9,Supplier_899,contact_899@example.com,Canada
7,Supplier_900,contact_900@example.com,Germany
10,Supplier_901,contact_901@example.com,Germany
10,Supplier_902,contact_902@example.com,UK
9,Supplier_903,contact_903@example.com,UK
4,Supplier_904,contact_904@example.com,USA
6,Supplier_905,contact_905@example.com,Germany
1,Supplier_906,contact_906@example.com,Mexico
3,Supplier_907,contact_907@example.com,Germany
5,Supplier_908,contact_908@example.com,Canada
5,Supplier_909,contact_909@example.com,USA
9,Supplier_910,contact_910@example.com,UK
8,Supplier_911,contact_911@example.com,Mexico
9,Supplier_912,contact_912@example.com,Germany
1,Supplier_913,contact_913@example.com,USA
4,Supplier_914,contact_914@example.com,USA
2,Supplier_915,contact_915@example.com,USA
8,Supplier_916,contact_916@example.com,UK
4,Supplier_917,contact_917@example.com,USA
8,Supplier_918,contact_918@example.com,UK
5,Supplier_919,contact_919@example.com,Germany
3,Supplier_920,contact_920@example.com,UK
7,Supplier_921,contact_921@example.com,USA
8,Supplier_922,contact_922@example.com,UK
1,Supplier_923,contact_923@example.com,Mexico
3,Supplier_924,contact_924@example.com,Germany
7,Supplier_925,contact_925@example.com,Canada
4,Supplier_926,contact_926@example.com,Germany
10,Supplier_927,contact_927@example.com,Canada
7,Supplier_928,contact_928@example.com,USA
1,Supplier_929,contact_929@example.com,Canada
1,Supplier_930,contact_930@example.com,Canada
8,Supplier_931,contact_931@example.com,UK
2,Supplier_932,contact_932@example.com,Mexico
3,Supplier_933,contact_933@example.com,UK
7,Supplier_934,contact_934@example.com,Mexico
3,Supplier_935,contact_935@example.com,Mexico
8,Supplier_936,contact_936@example.com,Mexico
6,Supplier_937,contact_937@example.com,Canada
5,Supplier_938,contact_938@example.com,Germany
4,Supplier_939,contact_939@example.com,UK
2,Supplier_940,contact_940@example.com,Mexico
6,Supplier_941,contact_941@example.com,Germany
10,Supplier_942,contact_942@example.com,Mexico
8,Supplier_943,contact_943@example.com,USA
1,Supplier_944,contact_944@example.com,USA
4,Supplier_945,contact_945@example.com,Canada
2,Supplier_946,contact_946@example.com,Germany
5,Supplier_947,contact_947@example.com,UK
5,Supplier_948,contact_948@example.com,USA
8,Supplier_949,contact_949@example.com,Canada
2,Supplier_950,contact_950@example.com,Germany
3,Supplier_951,contact_951@example.com,Mexico
8,Supplier_952,contact_952@example.com,Canada
9,Supplier_953,contact_953@example.com,Mexico
7,Supplier_954,contact_954@example.com,UK
2,Supplier_955,contact_955@example.com,Germany
6,Supplier_956,contact_956@example.com,Germany
2,Supplier_957,contact_957@example.com,Mexico
2,Supplier_958,contact_958@example.com,Mexico
2,Supplier_959,contact_959@example.com,UK
2,Supplier_960,contact_960@example.com,USA
4,Supplier_961,contact_961@example.com,Canada
1,Supplier_962,contact_962@example.com,UK
7,Supplier_963,contact_963@example.com,Germany
5,Supplier_964,contact_964@example.com,Canada
4,Supplier_965,contact_965@example.com,UK
10,Supplier_966,contact_966@example.com,Germany
5,Supplier_967,contact_967@example.com,Canada
3,Supplier_968,contact_968@example.com,Canada
9,Supplier_969,contact_969@example.com,USA
7,Supplier_970,contact_970@example.com,Mexico
10,Supplier_971,contact_971@example.com,Germany
2,Supplier_972,contact_972@example.com,Mexico
2,Supplier_973,contact_973@example.com,Canada
6,Supplier_974,contact_974@example.com,USA
8,Supplier_975,contact_975@example.com,Canada
9,Supplier_976,contact_976@example.com,Germany
5,Supplier_977,contact_977@example.com,USA
5,Supplier_978,contact_978@example.com,Germany
4,Supplier_979,contact_979@example.com,Mexico
3,Supplier_980,contact_980@example.com,Germany
5,Supplier_981,contact_981@example.com,USA
8,Supplier_982,contact_982@example.com,Mexico
1,Supplier_983,contact_983@example.com,UK
2,Supplier_984,contact_984@example.com,Mexico
6,Supplier_985,contact_985@example.com,USA
2,Supplier_986,contact_986@example.com,Germany
3,Supplier_987,contact_987@example.com,UK
4,Supplier_988,contact_988@example.com,USA
2,Supplier_989,contact_989@example.com,UK
5,Supplier_990,contact_990@example.com,Canada
8,Supplier_991,contact_991@example.com,Mexico
3,Supplier_992,contact_992@example.com,Mexico
1,Supplier_993,contact_993@example.com,USA
1,Supplier_994,contact_994@example.com,UK
2,Supplier_995,contact_995@example.com,Germany
10,Supplier_996,contact_996@example.com,UK
2,Supplier_997,contact_997@example.com,Canada
6,Supplier_998,contact_998@example.com,Mexico
4,Supplier_999,contact_999@example.com,Germany
1,Supplier_1000,contact_1000@example.com,UK
10,Supplier_1001,contact_1001@example.com,USA
6,Supplier_1002,contact_1002@example.com,USA
9,Supplier_1003,contact_1003@example.com,Germany
10,Supplier_1004,contact_1004@example.com,Germany
5,Supplier_1005,contact_1005@example.com,Canada
5,Supplier_1006,contact_1006@example.com,Canada
1,Supplier_1007,contact_1007@example.com,Canada
1,Supplier_1008,contact_1008@example.com,UK
5,Supplier_1009,contact_1009@example.com,USA
7,Supplier_1010,contact_1010@example.com,Canada
1,Supplier_1011,contact_1011@example.com,Mexico
2,Supplier_1012,contact_1012@example.com,USA
1,Supplier_1013,contact_1013@example.com,Germany
1,Supplier_1014,contact_1014@example.com,Mexico
5,Supplier_1015,contact_1015@example.com,Germany
4,Supplier_1016,contact_1016@example.com,Mexico
10,Supplier_1017,contact_1017@example.com,Mexico
2,Supplier_1018,contact_1018@example.com,UK
5,Supplier_1019,contact_1019@example.com,Germany
9,Supplier_1020,contact_1020@example.com,Germany
7,Supplier_1021,contact_1021@example.com,Germany
5,Supplier_1022,contact_1022@example.com,Canada
1,Supplier_1023,contact_1023@example.com,USA
10,Supplier_1024,contact_1024@example.com,USA
1,Supplier_1025,contact_1025@example.com,USA
7,Supplier_1026,contact_1026@example.com,Germany
3,Supplier_1027,contact_1027@example.com,Canada
10,Supplier_1028,contact_1028@example.com,UK
5,Supplier_1029,contact_1029@example.com,USA
10,Supplier_1030,contact_1030@example.com,UK
5,Supplier_1031,contact_1031@example.com,Mexico
2,Supplier_1032,contact_1032@example.com,Mexico
2,Supplier_1033,contact_1033@example.com,Germany
2,Supplier_1034,contact_1034@example.com,Mexico
7,Supplier_1035,contact_1035@example.com,Germany
9,Supplier_1036,contact_1036@example.com,USA
9,Supplier_1037,contact_1037@example.com,Mexico
6,Supplier_1038,contact_1038@example.com,Mexico
4,Supplier_1039,contact_1039@example.com,Canada
5,Supplier_1040,contact_1040@example.com,Canada
1,Supplier_1041,contact_1041@example.com,Canada
9,Supplier_1042,contact_1042@example.com,Canada
2,Supplier_1043,contact_1043@example.com,USA
10,Supplier_1044,contact_1044@example.com,Canada
1,Supplier_1045,contact_1045@example.com,USA
7,Supplier_1046,contact_1046@example.com,Canada
9,Supplier_1047,contact_1047@example.com,Canada
5,Supplier_1048,contact_1048@example.com,USA
9,Supplier_1049,contact_1049@example.com,Mexico
5,Supplier_1050,contact_1050@example.com,Germany
4,Supplier_1051,contact_1051@example.com,Germany
2,Supplier_1052,contact_1052@example.com,USA
6,Supplier_1053,contact_1053@example.com,Mexico
6,Supplier_1054,contact_1054@example.com,Mexico
7,Supplier_1055,contact_1055@example.com,Mexico
9,Supplier_1056,contact_1056@example.com,USA
8,Supplier_1057,contact_1057@example.com,Mexico
9,Supplier_1058,contact_1058@example.com,USA
5,Supplier_1059,contact_1059@example.com,UK
8,Supplier_1060,contact_1060@example.com,USA
6,Supplier_1061,contact_1061@example.com,Germany
8,Supplier_1062,contact_1062@example.com,Germany
2,Supplier_1063,contact_1063@example.com,USA
8,Supplier_1064,contact_1064@example.com,Canada
3,Supplier_1065,contact_1065@example.com,Canada
4,Supplier_1066,contact_1066@example.com,Mexico
3,Supplier_1067,contact_1067@example.com,Germany
5,Supplier_1068,contact_1068@example.com,Germany
9,Supplier_1069,contact_1069@example.com,USA
8,Supplier_1070,contact_1070@example.com,Mexico
6,Supplier_1071,contact_1071@example.com,USA
4,Supplier_1072,contact_1072@example.com,Canada
8,Supplier_1073,contact_1073@example.com,USA
3,Supplier_1074,contact_1074@example.com,Mexico
4,Supplier_1075,contact_1075@example.com,UK
8,Supplier_1076,contact_1076@example.com,USA
2,Supplier_1077,contact_1077@example.com,Mexico
4,Supplier_1078,contact_1078@example.com,Mexico
10,Supplier_1079,contact_1079@example.com,UK
1,Supplier_1080,contact_1080@example.com,Canada
10,Supplier_1081,contact_1081@example.com,Germany
9,Supplier_1082,contact_1082@example.com,UK
7,Supplier_1083,contact_1083@example.com,Germany
5,Supplier_1084,contact_1084@example.com,USA
7,Supplier_1085,contact_1085@example.com,UK
2,Supplier_1086,contact_1086@example.com,UK
6,Supplier_1087,contact_1087@example.com,Canada
8,Supplier_1088,contact_1088@example.com,Mexico
6,Supplier_1089,contact_1089@example.com,Canada
2,Supplier_1090,contact_1090@example.com,Mexico
5,Supplier_1091,contact_1091@example.com,Mexico
7,Supplier_1092,contact_1092@example.com,UK
7,Supplier_1093,contact_1093@example.com,Mexico
7,Supplier_1094,contact_1094@example.com,Germany
10,Supplier_1095,contact_1095@example.com,UK
1,Supplier_1096,contact_1096@example.com,UK
5,Supplier_1097,contact_1097@example.com,USA
5,Supplier_1098,contact_1098@example.com,USA
4,Supplier_1099,contact_1099@example.com,UK
3,Supplier_1100,contact_1100@example.com,USA
8,Supplier_1101,contact_1101@example.com,Mexico
7,Supplier_1102,contact_1102@example.com,USA
5,Supplier_1103,contact_1103@example.com,UK
6,Supplier_1104,contact_1104@example.com,USA
4,Supplier_1105,contact_1105@example.com,UK
5,Supplier_1106,contact_1106@example.com,USA
6,Supplier_1107,contact_1107@example.com,Mexico
6,Supplier_1108,contact_1108@example.com,Mexico
10,Supplier_1109,contact_1109@example.com,Mexico
1,Supplier_1110,contact_1110@example.com,Canada
4,Supplier_1111,contact_1111@example.com,Mexico
1,Supplier_1112,contact_1112@example.com,USA
7,Supplier_1113,contact_1113@example.com,Mexico
3,Supplier_1114,contact_1114@example.com,Canada
6,Supplier_1115,contact_1115@example.com,Canada
5,Supplier_1116,contact_1116@example.com,Canada
9,Supplier_1117,contact_1117@example.com,UK
5,Supplier_1118,contact_1118@example.com,USA
10,Supplier_1119,contact_1119@example.com,Mexico
10,Supplier_1120,contact_1120@example.com,Canada
7,Supplier_1121,contact_1121@example.com,Mexico
10,Supplier_1122,contact_1122@example.com,Mexico
7,Supplier_1123,contact_1123@example.com,Mexico
6,Supplier_1124,contact_1124@example.com,Canada
6,Supplier_1125,contact_1125@example.com,USA
10,Supplier_1126,contact_1126@example.com,UK
10,Supplier_1127,contact_1127@example.com,USA
7,Supplier_1128,contact_1128@example.com,Germany
6,Supplier_1129,contact_1129@example.com,Mexico
4,Supplier_1130,contact_1130@example.com,USA
8,Supplier_1131,contact_1131@example.com,UK
7,Supplier_1132,contact_1132@example.com,UK
2,Supplier_1133,contact_1133@example.com,Germany
3,Supplier_1134,contact_1134@example.com,Mexico
1,Supplier_1135,contact_1135@example.com,Canada
1,Supplier_1136,contact_1136@example.com,Germany
8,Supplier_1137,contact_1137@example.com,Canada
7,Supplier_1138,contact_1138@example.com,Germany
7,Supplier_1139,contact_1139@example.com,Canada
9,Supplier_1140,contact_1140@example.com,USA
6,Supplier_1141,contact_1141@example.com,Canada
4,Supplier_1142,contact_1142@example.com,Germany
10,Supplier_1143,contact_1143@example.com,UK
3,Supplier_1144,contact_1144@example.com,Mexico
2,Supplier_1145,contact_1145@example.com,USA
6,Supplier_1146,contact_1146@example.com,USA
3,Supplier_1147,contact_1147@example.com,UK
2,Supplier_1148,contact_1148@example.com,USA
2,Supplier_1149,contact_1149@example.com,Mexico
4,Supplier_1150,contact_1150@example.com,Germany
9,Supplier_1151,contact_1151@example.com,UK
6,Supplier_1152,contact_1152@example.com,USA
7,Supplier_1153,contact_1153@example.com,USA
5,Supplier_1154,contact_1154@example.com,Germany
9,Supplier_1155,contact_1155@example.com,USA
10,Supplier_1156,contact_1156@example.com,Mexico
5,Supplier_1157,contact_1157@example.com,Mexico
10,Supplier_1158,contact_1158@example.com,USA
5,Supplier_1159,contact_1159@example.com,Mexico
4,Supplier_1160,contact_1160@example.com,Germany
1,Supplier_1161,contact_1161@example.com,USA
8,Supplier_1162,contact_1162@example.com,UK
1,Supplier_1163,contact_1163@example.com,Germany
4,Supplier_1164,contact_1164@example.com,Germany
3,Supplier_1165,contact_1165@example.com,Canada
9,Supplier_1166,contact_1166@example.com,Germany
6,Supplier_1167,contact_1167@example.com,Mexico
10,Supplier_1168,contact_1168@example.com,Canada
2,Supplier_1169,contact_1169@example.com,Mexico
10,Supplier_1170,contact_1170@example.com,UK
10,Supplier_1171,contact_1171@example.com,Germany
10,Supplier_1172,contact_1172@example.com,UK
1,Supplier_1173,contact_1173@example.com,Germany
8,Supplier_1174,contact_1174@example.com,UK
10,Supplier_1175,contact_1175@example.com,UK
5,Supplier_1176,contact_1176@example.com,Canada
8,Supplier_1177,contact_1177@example.com,Mexico
3,Supplier_1178,contact_1178@example.com,Mexico
2,Supplier_1179,contact_1179@example.com,Mexico
3,Supplier_1180,contact_1180@example.com,USA
4,Supplier_1181,contact_1181@example.com,UK
7,Supplier_1182,contact_1182@example.com,UK
10,Supplier_1183,contact_1183@example.com,UK
5,Supplier_1184,contact_1184@example.com,UK
2,Supplier_1185,contact_1185@example.com,UK
4,Supplier_1186,contact_1186@example.com,Germany
7,Supplier_1187,contact_1187@example.com,Germany
7,Supplier_1188,contact_1188@example.com,Germany
5,Supplier_1189,contact_1189@example.com,Mexico
8,Supplier_1190,contact_1190@example.com,Mexico
5,Supplier_1191,contact_1191@example.com,Canada
3,Supplier_1192,contact_1192@example.com,UK
9,Supplier_1193,contact_1193@example.com,USA
8,Supplier_1194,contact_1194@example.com,Germany
1,Supplier_1195,contact_1195@example.com,Germany
10,Supplier_1196,contact_1196@example.com,Germany
8,Supplier_1197,contact_1197@example.com,Germany
1,Supplier_1198,contact_1198@example.com,Mexico
6,Supplier_1199,contact_1199@example.com,USA
7,Supplier_1200,contact_1200@example.com,Germany
